500,100,1.299998,1,5,1000,Opel
501,100.751530793913,1.29288159270201,1.792,4.97262916059105,1000,Opel
502,101.129411539925,1.29062156312926,2.58081927710843,4.96393672578443,1000,Opel
503,101.508709573168,1.28836037173473,3.3664578313253,4.95523982242561,1000,Opel
504,101.88943020935,1.28609805875599,4.1489156626506,4.94653860527476,1000,Opel
505,102.271578784115,1.28383466414615,4.92819277108434,4.93783322799784,1000,Opel
507,102.655160653116,1.28410297506069,5.70428915662651,4.93886519464142,1000,Opel
508,103.040181192098,1.28182807203884,6.47720481927711,4.9301155541733,1000,Opel
509,103.426645796966,1.27955224091665,7.24693975903614,4.92136234408303,1000,Opel
510,103.814559883861,1.27727552039272,8.01349397590361,4.91260571321157,1000,Opel
511,104.203928889241,1.2749979488894,8.77686746987952,4.90384580933741,1000,Opel
512,104.594758269954,1.27271956455432,9.53706024096386,4.89508277918244,1000,Opel
513,104.987053503311,1.2704404052619,10.2940722891566,4.88631676841773,1000,Opel
514,105.380820087171,1.26816050861488,11.0479036144578,4.8775479216694,1000,Opel
515,105.776063540011,1.26587991194578,11.7985542168675,4.86877638252435,1000,Opel
516,106.172789401005,1.26114981772093,12.5460240963855,4.85058368444002,1000,Opel
517,106.571003230103,1.26131676652951,13.2903132530121,4.85122579623012,1000,Opel
519,106.97071060811,1.26146485923942,14.031421686747,4.85179538445221,1000,Opel
521,107.37191713676,1.26159423443529,14.7693493975904,4.85229298212495,1000,Opel
523,107.774628438798,1.26170502992937,15.5040963855422,4.85271911929623,1000,Opel
525,108.178850158057,1.26179738276533,16.2356626506024,4.85307432305794,1000,Opel
527,108.584587959541,1.26187142922212,16.9640481927711,4.85335911756062,1000,Opel
529,108.991847529496,1.26192730481771,17.6892530120482,4.85357402402815,1000,Opel
576,109.4006345755,1.36891134298354,18.4112771084337,5.26505172693936,1000,Opel
625,109.810954826535,1.47981365116709,19.1301204819277,5.69159972233454,1000,Opel
676,110.222814033072,1.59458575923551,19.8457831325301,6.13303158633902,1000,Opel
729,110.636217967147,1.71317957069251,20.558265060241,6.58916233214402,1000,Opel
784,111.051172422448,1.83554736031581,21.2675662650602,7.05980840091989,1000,Opel
841,111.467683214391,1.9616417718079,21.9736867469879,7.54478765278064,1000,Opel
900,111.885756180204,2.09141581546017,22.6766265060241,8.04391935779969,1000,Opel
961,112.305397179009,2.22482286583019,23.3763855421687,8.55702418707641,1000,Opel
1024,112.726612091901,2.36181665943217,24.0729638554217,9.08392420385329,1000,Opel
1089,113.149406822035,2.50235129244053,24.7663614457831,9.62444285468336,1000,Opel
1156,113.573787294707,2.64638121840644,25.456578313253,10.1784049606478,1000,Opel
1225,113.999759457433,2.79386124598733,26.1436144578313,10.7456367086231,1000,Opel
1296,114.42732928004,2.94474653668927,26.8274698795181,11.3259656425982,1000,Opel
1369,114.856502754743,3.09899260262217,27.5081445783133,11.9192206550401,1000,Opel
1444,115.287285896232,3.2565553042677,28.1856385542169,12.5252319783096,1000,Opel
1521,115.719684741756,3.41739084825991,28.8599518072289,13.1438311761245,1000,Opel
1600,116.153705351209,3.58145578517845,29.5310843373494,13.7748511350727,1000,Opel
1681,116.58935380721,3.74870700735432,30.1990361445783,14.4181260561721,1000,Opel
1764,117.026636215194,3.91910174668809,30.8638072289157,15.0734914464795,1000,Opel
1849,117.465558703495,4.09259757248058,31.5253975903614,15.740784110747,1000,Opel
1936,117.906127423432,4.26915238927578,32.1838072289157,16.4198421431255,1000,Opel
2025,118.348348549394,4.4487244347162,32.8390361445783,17.110504918916,1000,Opel
2116,118.79222827893,4.63127227741027,33.4910843373494,17.8126130863673,1000,Opel
2209,119.237772832831,4.81675481481202,34.1399518072289,18.526008558521,1000,Opel
2304,119.684988455222,5.00513127111277,34.7856385542169,19.2505345051022,1000,Opel
2401,120.133881413646,5.19636119514484,35.4281445783133,19.9860353444576,1000,Opel
2500,120.584457999154,5.39040445829727,36.0674698795181,20.7323567355383,1000,Opel
2601,121.036724526392,5.58722125244343,36.7036144578313,21.4893455699294,1000,Opel
2704,121.490687333691,5.78677208788034,37.336578313253,22.2568499639243,1000,Opel
2809,121.946352783152,5.98901779127996,37.9663614457831,23.0347192506448,1000,Opel
2916,122.40372726074,6.193919503652,38.5929638554217,23.8228039722061,1000,Opel
3025,122.862817176372,6.40143867831851,39.2163855421687,24.6209558719264,1000,Opel
3136,123.323628964002,6.61153707889994,39.8366265060241,25.4290278865811,1000,Opel
3249,123.786169081721,6.82417677731282,40.453686746988,26.2468741387018,1000,Opel
3364,124.250444011838,7.03932015177884,41.0675662650603,27.0743499289185,1000,Opel
3481,124.716460260976,7.25692988484533,41.678265060241,27.9113117283462,1000,Opel
3600,125.184224360161,7.47696896141712,42.2857831325301,28.7576171710153,1000,Opel
3721,125.653742864916,7.69940066679963,42.8901204819277,29.6131250463448,1000,Opel
3844,126.125022355349,7.92418858475322,43.4912771084337,30.477695291659,1000,Opel
3969,126.59806943625,8.15129659555864,44.0892530120482,31.3511889847471,1000,Opel
4096,127.072890737179,8.38068887409368,44.6840481927711,32.2334683364654,1000,Opel
4225,127.549492912563,8.61232988792074,45.2756626506024,33.1243966833824,1000,Opel
4356,128.027882641785,8.84618439538548,45.8640963855422,34.0238384804649,1000,Opel
4489,128.508066629281,9.08221744372633,46.4493493975904,34.9316592938079,1000,Opel
4624,128.990051604633,9.32039436719491,47.031421686747,35.8477257934047,1000,Opel
4761,129.473844322662,9.56068078518722,47.6103132530121,36.7719057459597,1000,Opel
4900,129.959451563526,9.80304260038563,48.1860240963855,37.7040680077417,1000,Opel
5041,130.44688013281,10.0474459969115,48.7585542168675,38.6440825174789,1000,Opel
5184,130.936136861627,10.2938574384885,49.3279036144578,39.5918202892946,1000,Opel
5329,131.427228606707,10.5422436666163,49.8940722891566,40.5471534056835,1000,Opel
5476,131.920162250502,10.7925716987555,50.4570602409639,41.5099550105288,1000,Opel
5625,132.414944701274,11.0448088265216,51.0168674698795,42.480099302159,1000,Opel
5776,132.911582893195,11.2989226138912,51.5734939759036,43.4574615264456,1000,Opel
5929,133.410083786447,11.554880895417,52.1269397590361,44.4419179699393,1000,Opel
6084,133.910454367315,11.812651774454,52.6772048192771,45.4333459530476,1000,Opel
6241,134.412701648287,12.0722036213955,53.2242891566265,46.4316238232499,1000,Opel
6400,134.916832668154,12.3335050719195,53.7681927710843,47.4366309483536,1000,Opel
6561,135.422854492105,12.5965250252457,54.3089156626506,48.4482477097875,1000,Opel
6724,135.930774211828,12.861232642401,54.8464578313253,49.4663554959355,1000,Opel
6889,136.440598945609,13.1275973444973,55.3808192771084,50.4908366955076,1000,Opel
7056,136.952335838434,13.3955888110172,55.912,51.5215746909504,1000,Opel
7225,137.465992062085,13.665176978111,56.44,52.5584538518946,1000,Opel
7396,137.981574815243,13.936332036903,56.9648192771084,53.6013595286415,1000,Opel
7569,138.49909132359,14.2090244318073,57.4864578313253,54.6501780456866,1000,Opel
7744,139.018548839906,14.4832248588544,58.0049156626506,55.7047966952812,1000,Opel
7921,139.539954644177,14.7589042640265,58.5201927710843,56.7651037310307,1000,Opel
8100,140.063316043689,15.0360338416026,59.0322891566265,57.8309883615307,1000,Opel
8281,140.58864037314,15.3145850325141,59.5412048192771,58.90234074404,1000,Opel
8464,141.115934994734,15.5945295227086,60.0469397590362,59.9790519781899,1000,Opel
8649,141.645207298288,15.8758392415243,60.5494939759036,61.0610140997304,1000,Opel
8836,142.176464701338,16.1584863600733,61.0488674698795,62.1481200743126,1000,Opel
9025,142.709714649237,16.4424432896345,61.5450602409639,63.2402637913078,1000,Opel
9216,143.244964615265,16.727682680056,62.0380722891566,64.3373400576615,1000,Opel
9409,143.782222100731,17.014177418166,62.5279036144578,65.4392445917842,1000,Opel
9604,144.321494635079,17.3019006261945,63.0145542168675,66.5458740174774,1000,Opel
9801,144.862789775991,17.5908256602023,63.4980240963855,67.6571258578949,1000,Opel
10000,145.406115109497,17.8809261085209,63.9783132530121,68.7728985295395,1000,Opel
10201,145.951478250079,18.1721757902,64.455421686747,69.8930913362945,1200,Volkswagen
10404,146.498886840778,18.4645487534657,64.9293493975904,71.0176044634903,1200,Volkswagen
10609,147.0483485533,18.7580192741858,65.4000963855422,72.1463389720054,1200,Volkswagen
10816,147.599871088127,19.0525618543458,65.8676626506024,73.2791967924021,1200,Volkswagen
11025,148.153462174619,19.3481512205327,66.3320481927711,74.4160807190961,1200,Volkswagen
11236,148.70912957113,19.644762322428,66.7932530120482,75.5568944045607,1200,Volkswagen
11449,149.26688106511,19.9423703313098,67.2512771084337,76.7015423535645,1200,Volkswagen
11664,149.826724473217,20.2409506385632,67.7061204819277,77.849929917443,1200,Volkswagen
11881,150.388667641428,20.5404788541996,68.1577831325301,79.0019632884035,1200,Volkswagen
12100,150.952718445145,20.8409308053848,68.606265060241,80.1575494938639,1200,Volkswagen
12321,151.518884789309,21.1422825349757,69.0515662650603,81.316596390824,1200,Volkswagen
12544,152.087174608509,21.4445103000653,69.493686746988,82.4790126602705,1200,Volkswagen
12769,152.657595867095,21.7475905705365,69.9326265060241,83.644707801614,1200,Volkswagen
12996,153.230156559285,22.0515000276247,70.3683855421687,84.8135921271597,1200,Volkswagen
13225,153.804864709283,22.3562155624877,70.8009638554217,85.9855767566094,1200,Volkswagen
13456,154.381728371389,22.6617142747857,71.2303614457831,87.1605736115968,1200,Volkswagen
13689,154.96075563011,22.9679734712679,71.656578313253,88.3384954102542,1200,Volkswagen
13924,155.541954600276,23.2749706643688,72.0796144578313,89.5192556618119,1200,Volkswagen
14161,156.125333427151,23.5826835708119,72.4994698795181,90.7027686612283,1200,Volkswagen
14400,156.710900286551,23.891090110222,72.9161445783133,91.8889494838529,1200,Volkswagen
14641,157.298663384956,24.2001684037455,73.3296385542169,93.0777139801196,1200,Volkswagen
14884,157.888630959623,24.5098967726792,73.7399518072289,94.2689787702719,1200,Volkswagen
15129,158.480811278707,24.8202537371065,74.1470843373494,95.4626612391191,1200,Volkswagen
15376,159.075212641373,25.1312180145422,74.5510361445783,96.6586795308233,1200,Volkswagen
15625,159.67184337791,25.4427685185854,74.9518072289157,97.8569525437172,1200,Volkswagen
15876,160.270711849855,25.7548843575797,75.3493975903614,99.0573999251525,1200,Volkswagen
16129,160.871826450104,26.0675448332817,75.7438072289157,100.259942066379,1200,Volkswagen
16384,161.475195603031,26.3807294395378,76.1350361445783,101.464500097453,1200,Volkswagen
16641,162.080827764607,26.694417860968,76.5230843373494,102.670995882178,1200,Volkswagen
16900,162.688731422519,27.0085899716579,76.9079518072289,103.879352013072,1200,Volkswagen
17161,163.298915096288,27.3232258338588,77.2896385542169,105.089491806367,1200,Volkswagen
17424,163.911387337386,27.6383056966946,77.6681445783133,106.30133929704,1200,Volkswagen
17689,164.526156729362,27.9538099948773,78.0434698795181,107.514819233865,1200,Volkswagen
17956,165.143231887957,28.2697193474294,78.4156144578313,108.729857074509,1200,Volkswagen
18225,165.762621461225,28.5860145564144,78.784578313253,109.946378980639,1200,Volkswagen
18496,166.384334129658,28.9026766056745,79.1503614457831,111.164311813074,1200,Volkswagen
18769,167.008378606304,29.2196866595757,79.5129638554217,112.383583126958,1200,Volkswagen
19044,167.63476363689,29.5370260617612,79.8723855421687,113.60412116696,1200,Volkswagen
19321,168.263497999946,29.8546763339106,80.2286265060241,114.82585486251,1200,Volkswagen
19600,168.894590506925,30.1726191745085,80.581686746988,116.048713823054,1200,Volkswagen
19881,169.528050002331,30.4908364576183,80.9315662650602,117.272628333345,1200,Volkswagen
20164,170.163885363838,30.8093102316652,81.278265060241,118.497529348757,1200,Volkswagen
20449,170.802105502419,31.1280227182253,81.6217831325301,119.723348490633,1200,Volkswagen
20736,171.442719362466,31.446956310822,81.9621204819277,120.950018041651,1200,Volkswagen
21025,172.085735921922,31.7660935737303,82.2992771084337,122.177470941226,1200,Volkswagen
21316,172.731164192398,32.0854172407872,82.6332530120482,123.405640780937,1200,Volkswagen
21609,173.379013219307,32.4049102142102,82.9640481927711,124.63446179998,1200,Volkswagen
21904,174.029292081988,32.7245555634219,83.2916626506024,125.863868880652,1200,Volkswagen
22201,174.682009893833,33.0443365238826,83.6160963855422,127.093797543852,1200,Volkswagen
22500,175.337175802413,33.364236495929,83.9373493975904,128.324183944625,1200,Volkswagen
22801,175.994798989611,33.6842390436204,84.255421686747,129.554964867717,1200,Volkswagen
23104,176.654888671746,34.0043278935917,84.570313253012,130.786077723165,1200,Volkswagen
23409,177.317454099704,34.324486933913,84.8820240963855,132.017460541912,1200,Volkswagen
23716,177.982504559067,34.6447002129562,85.1905542168675,133.24905197145,1200,Volkswagen
24025,178.650049370246,34.9649519382688,85.4959036144578,134.480791271482,1200,Volkswagen
24336,179.320097888607,35.2852264754536,85.7980722891566,135.712618309619,1200,Volkswagen
24649,179.992659504605,35.605508347056,86.0970602409639,136.944473557098,1200,Volkswagen
24964,180.667743643915,35.9257822314571,86.3928674698795,138.176298084524,1200,Volkswagen
25281,181.345359767565,36.2460329617744,86.6854939759036,139.408033557646,1200,Volkswagen
25600,182.025517372067,36.5662455247684,86.9749397590361,140.639622233143,1200,Volkswagen
25921,182.708225989551,36.8864050597559,87.2612048192771,141.871006954457,1200,Volkswagen
26244,183.393495187898,37.2064968575302,87.5442891566265,143.102131147626,1200,Volkswagen
26569,184.081334570875,37.5265063592872,87.8241927710844,144.332938817164,1200,Volkswagen
26896,184.771753778269,37.8464191555585,88.1009156626506,145.563374541955,1200,Volkswagen
27225,185.464762486021,38.1662209851508,88.3744578313253,146.79338347117,1200,Volkswagen
27556,186.160370406366,38.4858977340916,88.6448192771084,148.022911320216,1200,Volkswagen
27889,186.858587287962,38.8054354345809,88.912,149.251904366703,1200,Volkswagen
28224,187.559422916032,39.1248202639503,89.176,150.480309446439,1200,Volkswagen
28561,188.262887112502,39.4440385436269,89.4368192771084,151.708073949448,1200,Volkswagen
28900,188.968989736132,39.763076738105,89.6944578313253,152.935145816013,1200,Volkswagen
29241,189.677740682662,40.0819214539227,89.9489156626506,154.161473532739,1200,Volkswagen
29584,190.389149884946,40.4005594386458,90.2001927710844,155.387006128647,1200,Volkswagen
29929,191.103227313091,40.7189775798566,90.4482891566265,156.611693171284,1200,Volkswagen
30276,191.819982974601,41.0371629041501,90.6932048192771,157.835484762862,1200,Volkswagen
30625,192.539426914511,41.3551025761358,90.9349397590361,159.058331536417,1200,Volkswagen
30976,193.261569215534,41.6727838974447,91.1734939759036,160.280184651995,1200,Volkswagen
31329,193.986419998198,41.9901943057441,91.4088674698795,161.500995792855,1200,Volkswagen
31684,194.713989420989,42.3073213737566,91.6410602409639,162.720717161706,1200,Volkswagen
32041,195.444287680494,42.6241528082861,91.8700722891566,163.939301476949,1200,Volkswagen
32400,196.177325011544,42.9406764492496,92.0959036144578,165.156701968963,1200,Volkswagen
32761,196.913111687357,43.2568802687145,92.3185542168675,166.372872376398,1200,Volkswagen
33124,197.651658019681,43.5727523699419,92.5380240963855,167.587766942495,1200,Volkswagen
33489,198.39297435894,43.8882809864362,92.754313253012,168.801340411432,1200,Volkswagen
33856,199.137071094379,44.2034544809998,92.967421686747,170.013548024689,1200,Volkswagen
34225,199.883958654208,44.5182613447939,93.1773493975904,171.224345517431,1200,Volkswagen
34596,200.63364750575,44.8326901964049,93.3840963855422,172.433689114925,1200,Volkswagen
34969,201.386148155587,45.146729780917,93.5876626506024,173.641535528966,1200,Volkswagen
35344,202.141471149707,45.4603689689894,93.7880481927711,174.847841954331,1200,Volkswagen
35721,202.899627073652,45.7735967559403,93.9852530120482,176.052566065257,1200,Volkswagen
36100,203.660626552666,46.0864022608357,94.1792771084337,177.255666011931,1200,Volkswagen
36481,204.424480251845,46.3987747255842,94.3701204819277,178.457100417017,1200,Volkswagen
36864,205.191198876286,46.710703514037,94.5577831325301,179.656828372186,1200,Volkswagen
37249,205.960793171235,47.022178111094,94.742265060241,180.854809434684,1200,Volkswagen
37636,206.733273922241,47.3331881218144,94.9235662650602,182.051003623907,1200,Volkswagen
38025,207.508651955305,47.6437232705336,95.101686746988,183.245371418008,1200,Volkswagen
38416,208.286938137031,47.9537733999855,95.2766265060241,184.437873750519,1200,Volkswagen
38809,209.068143374783,48.2633284704296,95.4483855421687,185.628472006994,1200,Volkswagen
39204,209.85227861683,48.5723785587836,95.6169638554217,186.817128021672,1200,Volkswagen
39601,210.639354852507,48.8809138577622,95.7823614457831,188.003804074169,1200,Volkswagen
40000,211.429383112364,49.1889246750199,95.944578313253,189.188462886173,1200,Volkswagen
40401,212.222374468323,49.4964014322998,96.1036144578313,190.37106761818,1300,Audi
40804,213.018340033834,49.8033346645878,96.2594698795181,191.551581866233,1300,Audi
41209,213.817290964027,50.1097150192714,96.4121445783132,192.729969658689,1300,Audi
41616,214.619238455871,50.4155332553041,96.5616385542169,193.906195453009,1300,Audi
42025,215.424193748332,50.7207802423751,96.7079518072289,195.080224132557,1300,Audi
42436,216.232168122529,51.0254469600837,96.8510843373494,196.252021003431,1300,Audi
42849,217.04317290189,51.329524497119,96.9910361445783,197.421551791306,1300,Audi
43264,217.857219452316,51.6330040504445,97.1278072289157,198.588782638298,1300,Audi
43681,218.674319182334,51.9358769244884,97.2613975903614,199.753680099848,1300,Audi
44100,219.494483543263,52.2381345303379,97.3918072289157,200.916211141624,1300,Audi
44521,220.317724029369,52.5397683849391,97.5190361445783,202.076343136448,1300,Audi
44944,221.144052178031,52.8407701103021,97.6430843373494,203.234043861229,1300,Audi
45369,221.973479569899,53.1411314327102,97.7639518072289,204.389281493934,1300,Audi
45796,222.806017829057,53.4408441819348,97.8816385542169,205.542024610556,1300,Audi
46225,223.641678623187,53.7399002904547,97.9961445783133,206.692242182122,1300,Audi
46656,224.480473663734,54.0382917926806,98.1074698795181,207.8399035717,1300,Audi
47089,225.322414706065,54.336010824184,98.2156144578313,208.984978531444,1300,Audi
47524,226.167513549639,54.633049620931,98.320578313253,210.127437199638,1300,Audi
47961,227.01578203817,54.9294005185215,98.4223614457831,211.267250097775,1300,Audi
48400,227.867232059792,55.2250559514322,98.5209638554217,212.404388127644,1300,Audi
48841,228.721875547229,55.5200084522647,98.6163855421687,213.538822568437,1300,Audi
49284,229.579724477959,55.8142506509986,98.7086265060241,214.670525073879,1300,Audi
49729,230.440790874382,56.1077752742488,98.797686746988,215.799467669369,1300,Audi
50176,231.305086803992,56.4005751445275,98.8835662650603,216.925622749141,1300,Audi
50625,232.17262437954,56.6926431795113,98.966265060241,218.048963073448,1300,Audi
51076,233.043415759212,56.9839723913122,99.0457831325301,219.169461765757,1300,Audi
51529,233.917473146789,57.2745558857534,99.1221204819277,220.287092309963,1300,Audi
51984,234.794808791829,57.56438686165,99.1952771084337,221.401828547621,1300,Audi
52441,235.675434989831,57.8534586100937,99.2652530120482,222.513644675198,1300,Audi
52900,236.559364082409,58.141764513742,99.3320481927711,223.622515241339,1300,Audi
53361,237.446608457468,58.4292980461125,99.3956626506024,224.728415144148,1300,Audi
53824,238.337180549374,58.7160527708809,99.4560963855422,225.831319628495,1300,Audi
54289,239.231092839129,59.0020223411835,99.5133493975904,226.931204283328,1300,Audi
54756,240.128357854547,59.2872004989245,99.567421686747,228.02804503901,1300,Audi
55225,241.02898817043,59.5715810740874,99.6183132530121,229.121818164672,1300,Audi
55696,241.932996408742,59.8551579840507,99.6660240963855,230.21250026558,1300,Audi
56169,242.840395238788,60.1379252329078,99.7105542168675,231.30006828052,1300,Audi
56644,243.75119737739,60.4198769107916,99.7519036144578,232.384499479198,1300,Audi
57121,244.665415589068,60.701007193203,99.7900722891566,233.46577145966,1300,Audi
57600,245.583062686213,60.9813103403434,99.8250602409639,234.543862145724,1300,Audi
58081,246.504151529275,61.2607806964524,99.8568674698795,235.618749784432,1300,Audi
58564,247.428695026935,61.5394126891483,99.8854939759036,236.690412943513,1300,Audi
59049,248.356706136292,61.8172008287741,99.9109397590361,237.75883050887,1300,Audi
59536,249.28819786304,62.0941397077466,99.9332048192771,238.823981682074,1300,Audi
60025,250.223183261655,62.3702239999102,99.9522891566265,239.885845977879,1300,Audi
60516,251.161675435572,62.6454484598949,99.9681927710843,240.944403221755,1300,Audi
61009,252.103687537376,62.9198079224776,99.9809156626506,241.999633547427,1300,Audi
61504,253.049232768979,63.1932973019483,99.9904578313253,243.051517394443,1300,Audi
62001,253.99832438181,63.4659115914799,99.9968192771084,244.100035505747,1300,Audi
62500,254.950975676999,63.7376458625023,100,245.145168925269,1300,Audi
63001,255.907200005563,64.0084952640798,100,246.186898995536,1300,Audi
63504,256.867010768594,64.2784550222934,99.9968192771084,247.225207355294,1300,Audi
64009,257.830421417446,64.5475204396262,99.9904578313253,248.26007593714,1300,Audi
64516,258.797445453924,64.8156868943533,99.9809156626506,249.291486965185,1300,Audi
65025,259.768096430474,65.0829498399353,99.9681927710843,250.319422952709,1300,Audi
65536,260.742387950371,65.3493048044157,99.9522891566265,251.343866699855,1300,Audi
66049,261.720333667911,65.6147473898224,99.9332048192771,252.364801291319,1300,Audi
66564,262.701947288602,65.8792732715722,99.9109397590362,253.382210094062,1300,Audi
67081,263.687242569358,66.1428781978805,99.8854939759036,254.396076755043,1300,Audi
67600,264.676233318686,66.4055579891735,99.8568674698795,255.406385198952,1300,Audi
68121,265.668933396887,66.6673085375045,99.8250602409638,256.413119625971,1300,Audi
68644,266.665356716245,66.9281258059748,99.7900722891566,257.416264509541,1300,Audi
69169,267.665517241225,67.1880058281566,99.7519036144578,258.415804594148,1300,Audi
69696,268.669428988666,67.4469447075217,99.7105542168675,259.411724893122,1300,Audi
70225,269.67710602798,67.7049386168717,99.6660240963855,260.404010686446,1300,Audi
70756,270.688562481347,67.9619837977739,99.618313253012,261.392647518588,1300,Audi
71289,271.703812523914,68.218076559999,99.567421686747,262.377621196337,1300,Audi
71824,272.722870383995,68.473213280964,99.5133493975903,263.358917786658,1300,Audi
72361,273.745750343268,68.7273904051775,99.4560963855422,264.336523614565,1300,Audi
72900,274.772466736975,68.9806044436892,99.3956626506024,265.310425260997,1300,Audi
73441,275.803033954126,69.2328519735428,99.3320481927711,266.280609560718,1300,Audi
73984,276.837466437698,69.4841296372325,99.2652530120482,267.247063600223,1300,Audi
74529,277.875778684838,69.7344341421627,99.1952771084337,268.209774715664,1300,Audi
75076,278.917985247066,69.9837622601116,99.1221204819277,269.168730490784,1300,Audi
75625,279.964100730481,70.2321108266982,99.0457831325301,270.123918754868,1300,Audi
76176,281.01413979596,70.4794767408523,98.966265060241,271.075327580705,1300,Audi
76729,282.068117159372,70.7258569642888,98.8835662650602,272.022945282565,1300,Audi
77284,283.126047591777,70.9712485209841,98.797686746988,272.966760414186,1300,Audi
77841,284.187945919636,71.2156484966578,98.7086265060241,273.906761766779,1300,Audi
78400,285.253827025019,71.4590540382555,98.6163855421687,274.842938367042,1300,Audi
78961,286.323705845811,71.7014623534369,98.5209638554217,275.775279475187,1300,Audi
79524,287.397597375927,71.9428707100662,98.4223614457831,276.703774582985,1300,Audi
80089,288.475516665516,72.1832764357058,98.320578313253,277.628413411812,1300,Audi
80656,289.557478821174,72.4226769171141,98.2156144578313,278.549185910725,1300,Audi
81225,290.643499006158,72.6610695997456,98.1074698795181,279.466082254532,1300,Audi
81796,291.733592440594,72.8984519872548,97.9961445783132,280.379092841892,1300,Audi
82369,292.827774401696,73.1348216410034,97.8816385542169,281.288208293411,1300,Audi
82944,293.926060223974,73.3701761795704,97.7639518072289,282.193419449762,1300,Audi
83521,295.028465299455,73.6045132782654,97.6430843373494,283.094717369817,1300,Audi
84100,296.135005077893,73.8378306686457,97.5190361445783,283.992093328781,1300,Audi
84681,297.24569506699,74.0701261380356,97.3918072289157,284.88553881635,1300,Audi
85264,298.36055083261,74.3013975290498,97.2613975903615,285.775045534877,1300,Audi
85849,299.479587999,74.5316427391191,97.1278072289156,286.660605397543,1300,Audi
86436,300.602822249006,74.7608597200199,96.9910361445783,287.542210526554,1300,Audi
87025,301.730269324296,74.9890464774064,96.8510843373494,288.419853251337,1300,Audi
87616,302.861945025579,75.2162010703458,96.7079518072289,289.293526106755,1300,Audi
88209,303.997865212826,75.4423216108572,96.5616385542169,290.16322183133,1300,Audi
88804,305.138045805491,75.6674062634523,96.4121445783133,291.028933365483,1300,Audi
89401,306.282502782739,75.8914532446807,96.2594698795181,291.890653849778,1300,Audi
90000,307.431252183664,76.1144608226769,96.1036144578313,292.748376623183,1300,Audi
90601,308.584310107519,76.3364273167109,95.944578313253,293.602095221342,1250,BMW
91204,309.741692713937,76.5573510967418,95.7823614457831,294.451803374858,1250,BMW
91809,310.903416223161,76.777230582974,95.6169638554217,295.297495007584,1250,BMW
92416,312.06949691627,76.9960642454166,95.4483855421687,296.139164234932,1250,BMW
93025,313.239951135407,77.213850603446,95.2766265060241,296.976805362185,1250,BMW
93636,314.414795284006,77.4305882253704,95.1016867469879,297.810412882829,1250,BMW
94249,315.594045827028,77.6462757279985,94.9235662650603,298.639981476889,1250,BMW
94864,316.777719291184,77.8609117762102,94.742265060241,299.465506009279,1250,BMW
95481,317.965832265174,78.0744950825302,94.5577831325301,300.286981528165,1250,BMW
96100,319.158401399914,78.287024406705,94.3701204819277,301.104403263332,1250,BMW
96721,320.35544340877,78.4984985552819,94.1792771084337,301.917766624571,1250,BMW
97344,321.556975067795,78.7089163811916,93.9852530120482,302.727067200071,1250,BMW
97969,322.763013215964,78.9182767833331,93.7880481927711,303.532300754821,1250,BMW
98596,323.973574755405,79.1265787061613,93.5876626506024,304.333463229025,1250,BMW
99225,325.188676651644,79.333821139278,93.3840963855421,305.130550736532,1250,BMW
99856,326.408335933833,79.5400031170248,93.1773493975904,305.923559563264,1250,BMW
100489,327.632569694999,79.7451237180794,92.967421686747,306.712486165669,1250,BMW
101124,328.861395092276,79.949182065054,92.7543132530121,307.497327169172,1250,BMW
101761,330.094829347146,80.1521773240969,92.5380240963855,308.278079366649,1250,BMW
102400,331.332889745687,80.3541087044969,92.3185542168675,309.054739716895,1250,BMW
103041,332.575593638805,80.5549754582894,92.0959036144578,309.827305343121,1250,BMW
103684,333.822958442488,80.7547768798663,91.8700722891566,310.595773531445,1250,BMW
104329,335.075001638041,80.9535123055879,91.6410602409638,311.360141729402,1250,BMW
104976,336.331740772335,81.1511811133974,91.4088674698795,312.120407544463,1250,BMW
105625,337.593193458056,81.3477827224384,91.1734939759036,312.876568742561,1250,BMW
106276,338.859377373944,81.5433165926744,90.9349397590362,313.62862324663,1250,BMW
106929,340.130310265048,81.7377822245115,90.6932048192771,314.376569135151,1250,BMW
107584,341.406009942971,81.9311791584232,90.4482891566265,315.120404640712,1250,BMW
108241,342.686494286122,82.1235069745779,90.2001927710844,315.860128148574,1250,BMW
108900,343.971781239963,82.3147652924689,89.9489156626506,316.595738195247,1250,BMW
109561,345.261888817264,82.5049537705467,89.6944578313253,317.327233467077,1250,BMW
110224,346.556835098353,82.6940721058547,89.4368192771084,318.054612798845,1250,BMW
110889,347.856638231372,82.8821200336658,89.176,318.777875172369,1250,BMW
111556,349.161316432528,83.0690973271228,88.912,319.497019715118,1250,BMW
112225,350.470887986352,83.2550037968811,88.6448192771084,320.212045698844,1250,BMW
112896,351.785371245951,83.4398392907529,88.3744578313253,320.922952538207,1250,BMW
113569,353.10478463327,83.6236036933549,88.1009156626506,321.629739789426,1250,BMW
114244,354.429146639346,83.8062969257578,87.8241927710843,322.332407148926,1250,BMW
114921,355.75847582457,83.9879189451385,87.5442891566265,323.030954452001,1250,BMW
115600,357.092790818945,84.1684697444344,87.2612048192771,323.725381671489,1250,BMW
116281,358.432110322348,84.3479493520004,86.9749397590361,324.415688916446,1250,BMW
116964,359.776453104793,84.5263578312676,86.6854939759036,325.101876430839,1250,BMW
117649,361.125838006693,84.7036952804055,86.3928674698795,325.783944592244,1250,BMW
118336,362.480283939124,84.8799618319852,86.0970602409639,326.461893910549,1250,BMW
119025,363.83980988409,85.0551576526459,85.7980722891566,327.135725026676,1250,BMW
119716,365.204434894791,85.2292829427631,85.4959036144578,327.805438711302,1250,BMW
120409,366.574178095885,85.4023379361195,85.1905542168675,328.471035863592,1250,BMW
121104,367.949058683761,85.574322899578,84.8820240963855,329.132517509942,1250,BMW
121801,369.329095926809,85.7452381327567,84.570313253012,329.789884802733,1250,BMW
122500,370.714309165684,85.9150839677064,84.255421686747,330.443139019085,1250,BMW
123201,372.10471781358,86.0838607685908,83.9373493975904,331.092281559628,1250,BMW
123904,373.500341356506,86.2515689313675,83.6160963855422,331.737313947281,1250,BMW
124609,374.901199353553,86.4182088834732,83.2916626506024,332.378237826032,1250,BMW
125316,376.307311437171,86.5837810835093,82.9640481927711,333.015054959736,1250,BMW
126025,377.718697313445,86.7482860209305,82.6332530120482,333.647767230913,1250,BMW
126736,379.135376762368,86.9117242157357,82.2992771084337,334.276376639563,1250,BMW
127449,380.557369638123,87.0740962181605,81.9621204819277,334.900885301979,1250,BMW
128164,381.984695869356,87.2354026083724,81.6217831325301,335.521295449579,1250,BMW
128881,383.41737545946,87.3956439961679,81.2782650602409,336.137609427737,1250,BMW
129600,384.85542848685,87.5548210206715,80.9315662650602,336.749829694628,1250,BMW
130321,386.298875105251,87.7129343500369,80.581686746988,337.357958820078,1250,BMW
131044,387.747735543975,87.8699846811507,80.2286265060241,337.961999484425,1250,BMW
131769,389.202030108207,88.0259727393378,79.8723855421687,338.561954477383,1250,BMW
132496,390.661779179289,88.1808992780686,79.5129638554217,339.15782669692,1250,BMW
133225,392.127003215006,88.3347650786689,79.1503614457831,339.749619148141,1250,BMW
133956,393.597722749871,88.4875709500314,78.784578313253,340.337334942175,1250,BMW
134689,395.073958395416,88.6393177283293,78.4156144578313,340.920977295078,1250,BMW
135424,396.555730840477,88.790006276732,78.0434698795181,341.500549526738,1250,BMW
136161,398.043060851489,88.9396374851226,77.6681445783133,342.076055059787,1250,BMW
136900,399.535969272771,89.0882122698178,77.2896385542168,342.647497418526,1250,BMW
137641,401.034477026822,89.2357315732894,76.9079518072289,343.214880227852,1250,BMW
138384,402.538605114615,89.3821963638877,76.5230843373494,343.778207212195,1250,BMW
139129,404.048374615888,89.5276076355676,76.1350361445783,344.337482194463,1250,BMW
139876,405.56380668944,89.6719664076151,75.7438072289157,344.892709094995,1250,BMW
140625,407.084922573432,89.815273724378,75.3493975903614,345.443891930518,1250,BMW
141376,408.611743585678,89.9575306549961,74.9518072289157,345.991034813115,1250,BMW
142129,410.144291123949,90.098738293135,74.5510361445783,346.534141949199,1250,BMW
142884,411.68258666627,90.2388977567211,74.1470843373494,347.073217638493,1250,BMW
143641,413.226651771222,90.378010187679,73.7399518072289,347.608266273021,1250,BMW
144400,414.776508078245,90.5160767516698,73.3296385542169,348.139292336103,1250,BMW
145161,416.332177307939,90.6530986378321,72.9161445783132,348.666300401355,1250,BMW
145924,417.893681262371,90.7890770585248,72.4994698795181,349.189295131703,1250,BMW
146689,419.461041825378,90.9240132490716,72.0796144578313,349.7082812784,1250,BMW
147456,421.034280962875,91.0579084675068,71.656578313253,350.223263680047,1250,BMW
148225,422.613420723164,91.1907639943239,71.2303614457831,350.734247261626,1250,BMW
148996,424.198483237242,91.3225811322254,70.8009638554217,351.241237033539,1250,BMW
149769,425.789490719109,91.4533612058745,70.3683855421687,351.744238090653,1250,BMW
150544,427.386465466082,91.5831055616484,69.9326265060241,352.243255611348,1250,BMW
151321,428.989429859109,91.7118155673937,69.4936867469879,352.738294856583,1250,BMW
152100,430.598406363077,91.8394926121839,69.0515662650603,353.229361168955,1250,BMW
152881,432.213417527133,91.9661381060774,68.606265060241,353.716459971775,1250,BMW
153664,433.834485984995,92.0917534798786,68.1577831325301,354.199596768143,1250,BMW
154449,435.461634455274,92.2163401848998,67.7061204819277,354.678777140041,1250,BMW
155236,437.094885741787,92.3398996927256,67.2512771084337,355.154006747417,1250,BMW
156025,438.734262733883,92.4624334949784,66.7932530120482,355.625291327288,1250,BMW
156816,440.379788406757,92.5839431030856,66.3320481927711,356.092636692847,1250,BMW
157609,442.031485821776,92.7044300480491,65.8676626506024,356.556048732571,1250,BMW
158404,443.689378126803,92.8238958802157,65.4000963855422,357.015533409342,1250,BMW
159201,445.353488556519,92.9423421690499,64.9293493975903,357.471096759572,1250,BMW
160000,447.023840432748,93.0597705029078,64.455421686747,357.92274489233,1250,BMW
160801,448.700457164787,93.1761824888129,63.9783132530121,358.370483988486,1050,Mercedes
161604,450.383362249733,93.2915797522334,63.4980240963856,358.814320299852,1050,Mercedes
162409,452.07257927281,93.4059639368614,63.0145542168675,359.254260148329,1050,Mercedes
163216,453.768131907701,93.5193367043935,62.5279036144579,359.690309925067,1050,Mercedes
164025,455.470043916883,93.6316997343132,62.0380722891566,360.122476089629,1050,Mercedes
164836,457.178339151952,93.7430547236743,61.5450602409639,360.550765169155,1050,Mercedes
165649,458.893041553968,93.8534033868869,61.0488674698795,360.97518375754,1050,Mercedes
166464,460.61417515378,93.9627474555041,60.5494939759036,361.395738514614,1050,Mercedes
167281,462.341764072371,94.0710886780109,60.0469397590362,361.812436165328,1050,Mercedes
168100,464.07583252119,94.178428819614,59.5412048192771,362.225283498952,1050,Mercedes
168921,465.816404802496,94.2847696620337,59.0322891566265,362.634287368264,1050,Mercedes
169744,467.563505309696,94.3901130032974,58.5201927710844,363.039454688766,1050,Mercedes
170569,469.317158527686,94.4944606575338,58.0049156626506,363.440792437888,1050,Mercedes
171396,471.077389033198,94.5978144547701,57.4864578313253,363.838307654204,1050,Mercedes
172225,472.84422149514,94.7001762407289,56.9648192771084,364.232007436661,1050,Mercedes
173056,474.617680674945,94.8015478766282,56.44,364.621898943799,1050,Mercedes
173889,476.397791426915,94.901931238982,55.912,365.007989392991,1050,Mercedes
174724,478.184578698573,95.0013282194028,55.3808192771084,365.390286059681,1050,Mercedes
175561,479.978067531011,95.0997407244049,54.8464578313253,365.768796276628,1050,Mercedes
176400,481.778283059237,95.1971706752103,54.3089156626507,366.143527433159,1050,Mercedes
177241,483.585250512536,95.2936200075553,53.7681927710844,366.514486974423,1050,Mercedes
178084,485.398995214814,95.3890906714983,53.2242891566265,366.881682400659,1050,Mercedes
178929,487.219542584959,95.4835846312297,52.6772048192771,367.245121266455,1050,Mercedes
179776,489.046918137198,95.5771038648832,52.1269397590361,367.604811180029,1050,Mercedes
180625,490.881147481448,95.6696503643478,51.5734939759036,367.960759802507,1050,Mercedes
181476,492.722256323683,95.761226135082,51.0168674698795,368.3129748472,1050,Mercedes
182329,494.570270466286,95.8518331959291,50.4570602409639,368.661464078903,1050,Mercedes
183184,496.425215808419,95.941473578934,49.8940722891566,369.006235313185,1050,Mercedes
184041,498.28711834638,96.0301493291607,49.3279036144578,369.347296415689,1050,Mercedes
184900,500.156004173969,96.1178625045126,48.7585542168675,369.684655301441,1050,Mercedes
185761,502.031899482855,96.204615175553,48.1860240963855,370.018319934158,1050,Mercedes
186624,503.914830562942,96.2904094253271,47.610313253012,370.348298325563,1050,Mercedes
187489,505.804823802736,96.3752473491857,47.031421686747,370.674598534712,1050,Mercedes
188356,507.701905689718,96.4591310546105,46.4493493975904,370.997228667315,1050,Mercedes
189225,509.606102810712,96.5420626610397,45.8640963855422,371.316196875071,1050,Mercedes
190096,511.51744185226,96.6240442996961,45.2756626506024,371.631511355002,1050,Mercedes
190969,513.435949600996,96.7050781134156,44.6840481927711,371.943180348799,1050,Mercedes
191844,515.361652944017,96.785166256478,44.0892530120482,372.251212142165,1050,Mercedes
192721,517.294578869268,96.8643108944378,43.4912771084337,372.555615064169,1050,Mercedes
193600,519.234754465911,96.9425142039575,42.8901204819277,372.856397486602,1050,Mercedes
194481,521.182206924714,97.0197783726417,42.2857831325302,373.153567823342,1050,Mercedes
195364,523.136963538422,97.0961055988722,41.6782650602409,373.447134529716,1050,Mercedes
196249,525.099051702149,97.171498091645,41.0675662650603,373.737106101875,1050,Mercedes
197136,527.068498913756,97.2459580704081,40.453686746988,374.023491076171,1050,Mercedes
198025,529.045332774237,97.3194877649004,39.8366265060241,374.306298028537,1050,Mercedes
198916,531.029580988109,97.3920894149927,39.2163855421687,374.585535573873,1050,Mercedes
199809,533.021271363796,97.4637652705291,38.5929638554217,374.861212365439,1050,Mercedes
200704,535.020431814022,97.5345175911698,37.9663614457832,375.133337094249,1050,Mercedes
201601,537.027090356202,97.6043486462352,37.336578313253,375.401918488471,1050,Mercedes
202500,539.041275112832,97.6732607145516,36.7036144578313,375.666965312838,1050,Mercedes
203401,541.063014311885,97.7412560842977,36.0674698795181,375.928486368047,1050,Mercedes
204304,543.092336287207,97.808337052852,35.4281445783133,376.186490490185,1050,Mercedes
205209,545.129269478914,97.8745059266421,34.7856385542168,376.440986550141,1050,Mercedes
206116,547.173842433788,97.9397650209948,34.1399518072289,376.691983453031,1050,Mercedes
207025,549.226083805682,98.0041166599873,33.4910843373494,376.939490137628,1050,Mercedes
207936,551.286022355916,98.0675631763001,32.8390361445783,377.183515575794,1050,Mercedes
208849,553.353686953685,98.1301069110703,32.1838072289156,377.424068771914,1050,Mercedes
209764,555.42910657646,98.1917502137463,31.5253975903614,377.661158762345,1050,Mercedes
210681,557.512310310396,98.2524954419443,30.8638072289157,377.894794614854,1050,Mercedes
211600,559.603327350739,98.3123449613052,30.1990361445783,378.124985428074,1050,Mercedes
212521,561.702187002235,98.3713011453525,29.5310843373494,378.351740330956,1050,Mercedes
213444,563.808918679542,98.4293663753525,28.8599518072289,378.57506848223,1050,Mercedes
214369,565.923551907641,98.486543040174,28.1856385542169,378.794979069868,1050,Mercedes
215296,568.046116322248,98.5428335361504,27.5081445783132,379.01148131055,1050,Mercedes
216225,570.176641670234,98.5982402669423,26.8274698795181,379.224584449139,1050,Mercedes
217156,572.315157810037,98.6527656434015,26.1436144578314,379.434297758156,1050,Mercedes
218089,574.461694712086,98.7064120834358,25.456578313253,379.640630537261,1050,Mercedes
219024,576.616282459213,98.7591820118748,24.7663614457831,379.843592112737,1050,Mercedes
219961,578.778951247083,98.8110778603376,24.0729638554217,380.043191836978,1050,Mercedes
220900,580.949731384611,98.8621020671004,23.3763855421687,380.239439087985,1050,Mercedes
221841,583.128653294392,98.9122570769662,22.6766265060241,380.43234326886,1050,Mercedes
222784,585.315747513122,98.9615453411347,21.973686746988,380.621913807308,1050,Mercedes
223729,587.511044692031,99.0099693170739,21.2675662650602,380.808160155146,1050,Mercedes
224676,589.714575597307,99.0575314683926,20.558265060241,380.991091787805,1050,Mercedes
225625,591.926371110532,99.1042342647136,19.8457831325301,381.17071820385,1050,Mercedes
226576,594.146462229115,99.1500801815483,19.1301204819277,381.347048924492,1050,Mercedes
227529,596.374880066721,99.1950717001722,18.4112771084338,381.520093493114,1050,Mercedes
228484,598.611655853712,99.2392113075016,17.6892530120482,381.689861474793,1050,Mercedes
229441,600.856820937585,99.2825014959707,16.9640481927711,381.85636245583,1050,Mercedes
230400,603.110406783407,99.3249447634107,16.2356626506024,382.019606043281,1050,Mercedes
231361,605.372444974259,99.3665436129288,15.5040963855422,382.179601864498,1050,Mercedes
232324,607.642967211679,99.4073005527892,14.7693493975903,382.336359566665,1050,Mercedes
233289,609.922005316105,99.4472180962945,14.031421686747,382.489888816346,1050,Mercedes
234256,612.209591227323,99.4862987616679,13.290313253012,382.640199299029,1050,Mercedes
235225,614.505757004909,99.5245450719373,12.5460240963855,382.787300718683,1050,Mercedes
236196,616.810534828686,99.5619595548192,11.7985542168675,382.931202797309,1050,Mercedes
237169,619.12395699917,99.5985447426042,11.0479036144578,383.071915274501,1050,Mercedes
238144,621.446055938024,99.6343031720438,10.2940722891567,383.209447907012,1050,Mercedes
239121,623.776864188512,99.6692373842373,9.53706024096382,383.343810468313,1050,Mercedes
240100,626.116414415957,99.7033499245201,8.77686746987953,383.475012748174,1050,Mercedes
241081,628.464739408195,99.736643342353,8.01349397590362,383.603064552226,1050,Mercedes
242064,630.821872076038,99.7691201912126,7.24693975903616,383.72797570155,1050,Mercedes
243049,633.187845453734,99.8007830284819,6.47720481927708,383.849756032247,1050,Mercedes
244036,635.562692699429,99.8316344153424,5.70428915662651,383.968415395033,1050,Mercedes
245025,637.946447095634,99.8616769166673,4.92819277108438,384.083963654818,1050,Mercedes
246016,640.339142049689,99.8909131009151,4.14891566265057,384.196410690305,1050,Mercedes
247009,642.740811094233,99.9193455400241,3.36645783132527,384.305766393579,1050,Mercedes
248004,645.151487887672,99.9469768093084,2.58081927710847,384.41204066971,1050,Mercedes
249001,647.571206214653,99.9738094873543,1.79200000000005,384.515243436353,1050,Mercedes
250000,649.999999986537,99.9998461559174,0.999999999999964,384.615384623351,1050,Mercedes
